{
    "model": "Matrix Factorization (SVD)",
    "era": "2000s/2010s",
    "dataset_size": 14615077,
    "test_size": 3653770,
    "n_users": 85307,
    "n_movies": 13063,
    "training_time_seconds": 162.6192226409912,
    "prediction_time_seconds": 30.15713405609131,
    "rmse": 0.7697987485269603,
    "mae": 0.5865337150631503,
    "mse": 0.5925901132336743,
    "r2_score": 0.45859421014774693,
    "precision_at_10": 0.798798457336444,
    "recall_at_10": 0.5450282838904893,
    "warm_rmse": 0.768939403887435,
    "cold_user_rmse": 1.1123870949661667,
    "cold_movie_rmse": 0.8837631919229513,
    "cold_start_score": 0.4466511786785855,
    "cold_user_threshold": 30,
    "cold_movie_threshold": 50,
    "n_factors": 100,
    "n_epochs": 20,
    "learning_rate": 0.005,
    "regularization": 0.02
}