model,era,dataset_size,test_size,n_users,n_movies,training_time_seconds,prediction_time_seconds,rmse,mae,mse,r2_score,precision_at_10,recall_at_10,warm_rmse,cold_user_rmse,cold_movie_rmse,cold_start_score,cold_user_threshold,cold_movie_threshold,n_factors,n_epochs,learning_rate,regularization
Matrix Factorization (SVD),2000s/2010s,2714306,678577,17514,9244,23.58251118659973,3.5092077255249023,0.7523202164922618,0.561747922215801,0.5659857081429636,0.43548892825065544,0.8544250314034487,0.522709391991094,0.748367519555629,0.8689502957162515,0.8409424494988857,0.16112775208659913,30,50,100,20,0.005,0.02
