{
    "model": "Matrix Factorization (SVD)",
    "era": "2000s/2010s",
    "dataset_size": 2714306,
    "test_size": 678577,
    "n_users": 17514,
    "n_movies": 9244,
    "training_time_seconds": 23.58251118659973,
    "prediction_time_seconds": 3.5092077255249023,
    "rmse": 0.7523202164922618,
    "mae": 0.561747922215801,
    "mse": 0.5659857081429636,
    "r2_score": 0.43548892825065544,
    "precision_at_10": 0.8544250314034487,
    "recall_at_10": 0.522709391991094,
    "warm_rmse": 0.748367519555629,
    "cold_user_rmse": 0.8689502957162515,
    "cold_movie_rmse": 0.8409424494988857,
    "cold_start_score": 0.16112775208659913,
    "cold_user_threshold": 30,
    "cold_movie_threshold": 50,
    "n_factors": 100,
    "n_epochs": 20,
    "learning_rate": 0.005,
    "regularization": 0.02
}