{
    "model": "Transformer",
    "era": "2020s",
    "dataset_size": 2714306,
    "test_size": 678577,
    "n_users": 17514,
    "n_movies": 9244,
    "training_time_seconds": 1593.7062273025513,
    "prediction_time_seconds": 60.762192726135254,
    "rmse": 0.7689388394355774,
    "mae": 0.5726546049118042,
    "mse": 0.591266930103302,
    "r2_score": 0.4102734327316284,
    "precision_at_10": 0.8641295103875593,
    "warm_rmse": 0.7666494536228754,
    "cold_user_rmse": 0.8697002525670149,
    "cold_movie_rmse": 0.8214240422890197,
    "cold_start_score": 0.13441710348473226,
    "cold_user_threshold": 30,
    "cold_movie_threshold": 50,
    "embedding_dim": 64,
    "n_heads": 4,
    "n_layers": 2,
    "n_epochs": 5,
    "batch_size": 2048,
    "learning_rate": 0.001,
    "sample_fraction": 1.0
}